"Data","Último","Abertura","Máxima","Mínima","Vol.","Var%"
"2020-05-29T00:00:00Z[Etc/UTC]","220.66","220.14","224.52","217.84","12.36","---"
"2020-05-30T00:00:00Z[Etc/UTC]","243.63","220.66","246.55","218.86","14.34","---"
"2020-05-31T00:00:00Z[Etc/UTC]","231.81","243.63","245.33","230.31","12.43","---"
"2020-06-01T00:00:00Z[Etc/UTC]","247.97","231.8","249.81","230.85","11.97","---"
"2020-06-02T00:00:00Z[Etc/UTC]","237.94","248.01","253.21","227.95","12.69","---"
"2020-06-03T00:00:00Z[Etc/UTC]","244.52","237.9","244.76","233.84","8.15","---"
"2020-06-04T00:00:00Z[Etc/UTC]","243.37","244.53","246.41","236.68","8.75","---"
"2020-06-05T00:00:00Z[Etc/UTC]","240.23","243.37","247.5","239.7","7.75","---"
"2020-06-06T00:00:00Z[Etc/UTC]","242.0","240.27","244.43","238.38","6.62","---"
"2020-06-07T00:00:00Z[Etc/UTC]","244.56","242.0","244.94","235.44","8.1","---"
"2020-06-08T00:00:00Z[Etc/UTC]","246.18","244.56","247.11","241.3","6.55","---"
"2020-06-09T00:00:00Z[Etc/UTC]","243.82","246.19","249.45","240.18","6.86","---"
"2020-06-10T00:00:00Z[Etc/UTC]","247.78","243.82","249.51","242.54","7.63","---"
"2020-06-11T00:00:00Z[Etc/UTC]","230.71","247.79","249.77","227.01","12.4","---"
"2020-06-12T00:00:00Z[Etc/UTC]","237.54","230.72","239.23","228.62","7.34","---"
"2020-06-13T00:00:00Z[Etc/UTC]","238.22","237.55","238.61","234.86","5.27","---"
"2020-06-14T00:00:00Z[Etc/UTC]","232.02","238.23","238.48","230.52","5.78","---"
"2020-06-15T00:00:00Z[Etc/UTC]","230.93","231.99","233.34","219.06","10.18","---"
"2020-06-16T00:00:00Z[Etc/UTC]","235.36","230.92","235.95","228.99","7.03","---"
"2020-06-17T00:00:00Z[Etc/UTC]","233.88","235.37","236.55","228.63","5.94","---"
"2020-06-18T00:00:00Z[Etc/UTC]","231.34","233.85","234.69","228.13","4.96","---"
"2020-06-19T00:00:00Z[Etc/UTC]","229.11","231.34","231.94","226.97","5.56","---"
"2020-06-20T00:00:00Z[Etc/UTC]","228.86","229.11","230.96","226.28","4.54","---"
"2020-06-21T00:00:00Z[Etc/UTC]","228.13","228.87","231.18","227.38","4.1","---"
"2020-06-22T00:00:00Z[Etc/UTC]","243.25","228.11","246.39","227.69","7.93","---"
"2020-06-23T00:00:00Z[Etc/UTC]","243.2","243.24","244.77","240.94","5.16","---"
"2020-06-24T00:00:00Z[Etc/UTC]","234.75","243.2","249.23","231.56","9.13","---"
"2020-06-25T00:00:00Z[Etc/UTC]","232.56","234.75","235.29","227.99","6.48","---"
"2020-06-26T00:00:00Z[Etc/UTC]","229.67","232.57","233.5","228.16","6.96","---"
"2020-06-27T00:00:00Z[Etc/UTC]","221.06","229.72","231.3","217.11","7.21","---"
"2020-06-28T00:00:00Z[Etc/UTC]","225.09","221.07","227.74","218.46","5.91","---"
"2020-06-29T00:00:00Z[Etc/UTC]","227.87","225.09","229.83","221.6","6.8","---"
"2020-06-30T00:00:00Z[Etc/UTC]","225.63","227.88","228.57","223.23","5.6","---"
"2020-07-01T00:00:00Z[Etc/UTC]","230.95","225.61","232.47","224.33","6.31","---"
"2020-07-02T00:00:00Z[Etc/UTC]","226.42","230.96","232.04","223.53","7.28","---"
"2020-07-03T00:00:00Z[Etc/UTC]","225.12","226.42","228.14","224.77","5.2","---"
"2020-07-04T00:00:00Z[Etc/UTC]","229.15","225.09","230.4","224.8","5.45","---"
"2020-07-05T00:00:00Z[Etc/UTC]","227.98","229.09","229.8","223.79","5.41","---"
"2020-07-06T00:00:00Z[Etc/UTC]","241.56","227.95","241.64","227.1","9.45","---"
"2020-07-07T00:00:00Z[Etc/UTC]","239.25","241.56","243.43","234.92","6.26","---"
"2020-07-08T00:00:00Z[Etc/UTC]","246.99","239.26","248.76","238.0","12.98","---"
"2020-07-09T00:00:00Z[Etc/UTC]","242.02","246.93","247.63","238.28","9.02","---"
"2020-07-10T00:00:00Z[Etc/UTC]","241.26","242.01","242.17","236.19","6.84","---"
"2020-07-11T00:00:00Z[Etc/UTC]","239.2","241.21","241.64","237.76","6.42","---"
"2020-07-12T00:00:00Z[Etc/UTC]","242.75","239.2","243.79","236.91","6.81","---"
"2020-07-13T00:00:00Z[Etc/UTC]","239.73","242.84","245.04","237.71","8.32","---"
"2020-07-14T00:00:00Z[Etc/UTC]","240.5","239.75","242.08","237.21","7.07","---"
"2020-07-15T00:00:00Z[Etc/UTC]","238.62","240.49","241.36","237.04","7.35","---"
"2020-07-16T00:00:00Z[Etc/UTC]","233.65","238.62","239.47","230.44","6.63","---"
"2020-07-17T00:00:00Z[Etc/UTC]","232.75","233.65","234.53","231.84","5.88","---"
"2020-07-18T00:00:00Z[Etc/UTC]","235.75","232.77","236.83","232.4","5.79","---"
"2020-07-19T00:00:00Z[Etc/UTC]","239.01","235.72","239.7","233.35","6.61","---"
"2020-07-20T00:00:00Z[Etc/UTC]","236.1","239.03","239.71","234.51","5.36","---"
"2020-07-21T00:00:00Z[Etc/UTC]","245.53","236.1","246.49","235.67","6.29","---"
"2020-07-22T00:00:00Z[Etc/UTC]","263.28","245.54","266.42","241.89","6.68","---"
"2020-07-23T00:00:00Z[Etc/UTC]","275.34","263.29","279.53","260.7","8.79","---"
"2020-07-24T00:00:00Z[Etc/UTC]","279.33","275.33","287.01","268.54","7.17","---"
"2020-07-25T00:00:00Z[Etc/UTC]","305.32","279.33","308.57","279.33","8.59","---"
"2020-07-26T00:00:00Z[Etc/UTC]","311.13","305.32","318.54","300.33","9.19","---"
"2020-07-27T00:00:00Z[Etc/UTC]","321.8","311.12","332.57","311.04","13.73","---"
"2020-07-28T00:00:00Z[Etc/UTC]","316.96","321.82","326.53","306.4","9.91","---"
"2020-07-29T00:00:00Z[Etc/UTC]","317.82","316.95","324.93","312.64","8.72","---"
"2020-07-30T00:00:00Z[Etc/UTC]","334.87","317.79","341.11","314.83","9.07","---"
"2020-07-31T00:00:00Z[Etc/UTC]","346.51","334.84","349.34","329.02","8.69","---"
"2020-08-01T00:00:00Z[Etc/UTC]","387.14","346.48","392.37","343.33","11.03","---"
"2020-08-02T00:00:00Z[Etc/UTC]","372.08","387.15","415.08","335.76","16.38","---"
"2020-08-03T00:00:00Z[Etc/UTC]","385.8","372.26","397.73","368.46","9.92","---"
"2020-08-04T00:00:00Z[Etc/UTC]","389.62","385.86","402.01","381.3","9.84","---"
"2020-08-05T00:00:00Z[Etc/UTC]","400.79","389.62","406.92","384.84","8.74","---"
"2020-08-06T00:00:00Z[Etc/UTC]","394.83","400.8","403.18","391.67","7.92","---"
"2020-08-07T00:00:00Z[Etc/UTC]","379.57","394.8","398.14","366.44","8.34","---"
"2020-08-08T00:00:00Z[Etc/UTC]","396.76","379.57","396.77","376.38","4.94","---"
"2020-08-09T00:00:00Z[Etc/UTC]","390.23","396.78","399.93","384.31","4.97","---"
"2020-08-10T00:00:00Z[Etc/UTC]","395.53","390.22","399.05","386.45","8.01","---"
"2020-08-11T00:00:00Z[Etc/UTC]","379.01","395.52","398.13","367.38","9.44","---"
"2020-08-12T00:00:00Z[Etc/UTC]","387.12","379.03","389.21","367.05","8.59","---"
"2020-08-13T00:00:00Z[Etc/UTC]","424.31","387.15","430.33","377.57","12.04","---"
"2020-08-14T00:00:00Z[Etc/UTC]","438.03","424.28","443.74","418.37","8.67","---"
"2020-08-15T00:00:00Z[Etc/UTC]","432.18","438.04","442.7","428.75","7.27","---"
"2020-08-16T00:00:00Z[Etc/UTC]","433.63","432.22","436.58","413.22","7.02","---"
"2020-08-17T00:00:00Z[Etc/UTC]","430.56","433.62","444.86","420.71","7.83","---"
"2020-08-18T00:00:00Z[Etc/UTC]","422.16","430.63","433.65","415.45","8.18","---"
"2020-08-19T00:00:00Z[Etc/UTC]","407.44","422.1","426.65","394.51","8.44","---"
"2020-08-20T00:00:00Z[Etc/UTC]","416.05","407.39","418.92","402.8","6.23","---"
"2020-08-21T00:00:00Z[Etc/UTC]","387.99","416.05","418.72","385.21","7.62","---"
"2020-08-22T00:00:00Z[Etc/UTC]","395.56","388.06","396.87","379.96","6.73","---"
"2020-08-23T00:00:00Z[Etc/UTC]","390.5","395.56","396.96","383.42","5.36","---"
"2020-08-24T00:00:00Z[Etc/UTC]","407.7","390.81","410.17","387.62","6.69","---"
"2020-08-25T00:00:00Z[Etc/UTC]","383.2","407.64","409.02","370.4","8.28","---"
"2020-08-26T00:00:00Z[Etc/UTC]","385.96","383.16","392.61","377.63","6.69","---"
"2020-08-27T00:00:00Z[Etc/UTC]","383.11","385.96","396.48","372.53","7.03","---"
"2020-08-28T00:00:00Z[Etc/UTC]","395.11","383.16","397.64","379.8","6.16","---"
"2020-08-29T00:00:00Z[Etc/UTC]","398.8","395.32","405.53","391.97","5.23","---"
"2020-08-30T00:00:00Z[Etc/UTC]","428.86","398.8","429.59","398.47","6.67","---"
"2020-08-31T00:00:00Z[Etc/UTC]","433.9","428.81","438.71","418.35","7.89","---"
"2020-09-01T00:00:00Z[Etc/UTC]","475.8","433.89","488.24","429.65","10.42","---"
"2020-09-02T00:00:00Z[Etc/UTC]","439.08","475.72","480.96","423.26","30.14","---"
"2020-09-03T00:00:00Z[Etc/UTC]","381.97","439.14","466.4","376.99","33.59","---"
"2020-09-04T00:00:00Z[Etc/UTC]","385.94","381.97","399.58","368.22","25.2","---"
"2020-09-05T00:00:00Z[Etc/UTC]","334.91","385.94","394.12","314.13","35.32","---"
"2020-09-06T00:00:00Z[Etc/UTC]","353.49","334.91","358.09","316.69","20.13","---"
"2020-09-07T00:00:00Z[Etc/UTC]","352.06","353.49","357.33","325.47","21.69","---"
"2020-09-08T00:00:00Z[Etc/UTC]","337.46","352.06","355.69","326.66","18.98","---"
"2020-09-09T00:00:00Z[Etc/UTC]","351.1","337.46","358.33","331.12","14.07","---"
"2020-09-10T00:00:00Z[Etc/UTC]","367.92","351.1","376.92","350.86","16.5","---"
"2020-09-11T00:00:00Z[Etc/UTC]","373.72","367.89","374.41","356.38","12.53","---"
"2020-09-12T00:00:00Z[Etc/UTC]","387.98","373.74","388.12","366.05","11.49","---"
"2020-09-13T00:00:00Z[Etc/UTC]","365.71","388.06","389.51","353.85","10.38","---"
"2020-09-14T00:00:00Z[Etc/UTC]","376.7","365.89","383.99","357.54","10.34","---"
"2020-09-15T00:00:00Z[Etc/UTC]","364.01","376.7","381.67","362.4","9.06","---"
"2020-09-16T00:00:00Z[Etc/UTC]","364.88","363.91","372.88","355.18","9.06","---"
"2020-09-17T00:00:00Z[Etc/UTC]","388.97","364.75","393.96","363.54","12.85","---"
"2020-09-18T00:00:00Z[Etc/UTC]","384.2","389.37","392.21","375.81","8.95","---"
"2020-09-19T00:00:00Z[Etc/UTC]","385.25","384.25","386.99","377.63","6.74","---"
"2020-09-20T00:00:00Z[Etc/UTC]","371.12","385.33","385.39","365.48","7.3","---"
"2020-09-21T00:00:00Z[Etc/UTC]","341.3","371.09","375.34","331.41","11.41","---"
"2020-09-22T00:00:00Z[Etc/UTC]","344.03","341.32","346.19","336.15","9.29","---"
"2020-09-23T00:00:00Z[Etc/UTC]","319.95","343.96","344.12","315.54","13.88","---"
"2020-09-24T00:00:00Z[Etc/UTC]","349.17","319.97","352.6","317.27","9.4","---"
"2020-09-25T00:00:00Z[Etc/UTC]","351.63","349.13","357.8","338.01","8.47","---"
"2020-09-26T00:00:00Z[Etc/UTC]","354.25","351.62","355.87","346.95","6.48","---"
"2020-09-27T00:00:00Z[Etc/UTC]","357.23","354.26","362.0","347.51","6.35","---"
"2020-09-28T00:00:00Z[Etc/UTC]","354.08","357.42","367.63","352.57","7.77","---"
"2020-09-29T00:00:00Z[Etc/UTC]","359.86","353.97","360.66","351.48","6.26","---"
"2020-09-30T00:00:00Z[Etc/UTC]","359.39","359.77","360.94","352.81","5.43","---"
"2020-10-01T00:00:00Z[Etc/UTC]","353.07","359.5","369.1","345.66","7.93","---"
"2020-10-02T00:00:00Z[Etc/UTC]","345.68","353.06","353.61","335.91","7.27","---"
"2020-10-03T00:00:00Z[Etc/UTC]","345.6","345.78","351.04","343.74","4.48","---"
"2020-10-04T00:00:00Z[Etc/UTC]","352.73","345.6","353.97","344.03","4.77","---"
"2020-10-05T00:00:00Z[Etc/UTC]","353.28","352.69","354.86","348.76","4.96","---"
"2020-10-06T00:00:00Z[Etc/UTC]","340.61","353.53","354.9","337.21","7.32","---"
"2020-10-07T00:00:00Z[Etc/UTC]","341.48","340.59","342.68","334.11","5.77","---"
"2020-10-08T00:00:00Z[Etc/UTC]","350.83","341.66","352.95","334.79","6.85","---"
"2020-10-09T00:00:00Z[Etc/UTC]","365.28","350.71","368.19","347.82","7.85","---"
"2020-10-10T00:00:00Z[Etc/UTC]","370.16","365.25","377.97","364.57","7.17","---"
"2020-10-11T00:00:00Z[Etc/UTC]","374.19","370.28","377.27","369.23","5.22","---"
"2020-10-12T00:00:00Z[Etc/UTC]","386.68","374.39","394.58","366.05","10.39","---"
"2020-10-13T00:00:00Z[Etc/UTC]","381.23","386.64","387.06","374.57","7.92","---"
"2020-10-14T00:00:00Z[Etc/UTC]","379.15","381.13","387.11","373.62","8.08","---"
"2020-10-15T00:00:00Z[Etc/UTC]","377.45","378.96","380.77","370.39","7.93","---"
"2020-10-16T00:00:00Z[Etc/UTC]","365.17","377.6","379.6","362.65","7.59","---"
"2020-10-17T00:00:00Z[Etc/UTC]","368.63","365.08","369.94","363.18","4.98","---"
"2020-10-18T00:00:00Z[Etc/UTC]","377.81","368.61","378.49","367.54","4.68","---"
"2020-10-19T00:00:00Z[Etc/UTC]","379.19","377.85","383.97","372.72","6.85","---"
"2020-10-20T00:00:00Z[Etc/UTC]","368.35","379.03","380.14","367.16","7.46","---"
"2020-10-21T00:00:00Z[Etc/UTC]","391.2","368.53","400.36","368.06","13.61","---"
"2020-10-22T00:00:00Z[Etc/UTC]","414.05","391.39","420.12","391.21","12.65","---"
"2020-10-23T00:00:00Z[Etc/UTC]","408.52","414.12","419.11","402.91","8.18","---"
"2020-10-24T00:00:00Z[Etc/UTC]","411.92","408.59","416.28","407.74","2.68","---"
"2020-10-25T00:00:00Z[Etc/UTC]","406.09","412.44","417.07","403.95","3.05","---"
"2020-10-26T00:00:00Z[Etc/UTC]","394.11","406.45","410.41","383.21","9.06","---"
"2020-10-27T00:00:00Z[Etc/UTC]","403.15","393.93","409.85","390.92","6.29","---"
"2020-10-28T00:00:00Z[Etc/UTC]","388.14","403.11","408.1","381.51","9.96","---"
"2020-10-29T00:00:00Z[Etc/UTC]","386.76","388.25","393.33","381.53","3.04","---"
"2020-10-30T00:00:00Z[Etc/UTC]","382.41","387.16","391.98","374.36","2.81","---"
"2020-10-31T00:00:00Z[Etc/UTC]","386.42","382.81","394.01","380.53","6.42","---"
"2020-11-01T00:00:00Z[Etc/UTC]","396.29","386.36","397.32","384.94","5.52","---"
"2020-11-02T00:00:00Z[Etc/UTC]","383.53","396.45","404.04","379.13","9.43","---"
"2020-11-03T00:00:00Z[Etc/UTC]","387.92","383.64","389.98","370.96","6.73","---"
"2020-11-04T00:00:00Z[Etc/UTC]","402.19","388.23","407.9","377.22","6.17","---"
"2020-11-05T00:00:00Z[Etc/UTC]","416.63","402.5","419.94","396.46","7.04","---"
"2020-11-06T00:00:00Z[Etc/UTC]","455.72","416.59","457.79","415.08","6.53","---"
"2020-11-07T00:00:00Z[Etc/UTC]","435.4","455.78","467.88","425.57","7.78","---"
"2020-11-08T00:00:00Z[Etc/UTC]","454.68","435.39","460.09","432.44","4.82","---"
"2020-11-09T00:00:00Z[Etc/UTC]","444.33","454.55","458.51","434.95","28.85","---"
"2020-11-10T00:00:00Z[Etc/UTC]","450.22","444.38","454.43","439.5","20.76","---"
"2020-11-11T00:00:00Z[Etc/UTC]","463.33","450.26","476.08","449.51","15.13","---"
"2020-11-12T00:00:00Z[Etc/UTC]","462.56","463.33","469.57","452.44","9.33","---"
"2020-11-13T00:00:00Z[Etc/UTC]","476.29","462.61","477.78","457.65","9.85","---"
"2020-11-14T00:00:00Z[Etc/UTC]","460.7","476.38","477.34","452.6","9.17","---"
"2020-11-15T00:00:00Z[Etc/UTC]","448.23","460.75","462.93","440.44","9.34","---"
"2020-11-16T00:00:00Z[Etc/UTC]","460.43","448.18","465.97","445.82","5.62","---"
"2020-11-17T00:00:00Z[Etc/UTC]","481.95","460.37","484.59","459.74","7.93","---"
"2020-11-18T00:00:00Z[Etc/UTC]","478.52","482.05","495.04","459.92","18.19","---"
"2020-11-19T00:00:00Z[Etc/UTC]","471.21","478.55","480.55","465.41","12.53","---"
"2020-11-20T00:00:00Z[Etc/UTC]","509.98","471.27","513.06","471.06","30.85","---"
"2020-11-21T00:00:00Z[Etc/UTC]","551.91","509.94","552.13","505.14","26.86","---"
"2020-11-22T00:00:00Z[Etc/UTC]","559.4","551.9","580.0","514.44","36.76","---"
"2020-11-23T00:00:00Z[Etc/UTC]","609.22","559.37","610.33","551.8","49.68","---"
"2020-11-24T00:00:00Z[Etc/UTC]","605.03","609.2","621.7","589.56","41.11","---"
"2020-11-25T00:00:00Z[Etc/UTC]","569.67","605.01","605.63","555.32","14.5","---"
"2020-11-26T00:00:00Z[Etc/UTC]","519.32","569.69","577.08","484.03","13.11","---"
"2020-11-27T00:00:00Z[Etc/UTC]","518.11","519.69","530.41","494.65","6.42","---"
"2020-11-28T00:00:00Z[Etc/UTC]","537.74","518.7","547.94","506.97","5.34","---"
"2020-11-29T00:00:00Z[Etc/UTC]","575.45","537.89","576.52","530.71","5.79","---"
"2020-11-30T00:00:00Z[Etc/UTC]","615.92","575.35","615.97","571.04","51.72","---"
"2020-12-01T00:00:00Z[Etc/UTC]","585.66","616.78","635.66","567.79","49.42","---"
"2020-12-02T00:00:00Z[Etc/UTC]","598.05","585.69","604.34","575.24","16.21","---"
"2020-12-03T00:00:00Z[Etc/UTC]","616.32","597.94","622.1","587.15","24.0","---"
"2020-12-04T00:00:00Z[Etc/UTC]","567.91","616.33","619.61","566.34","48.95","---"
"2020-12-05T00:00:00Z[Etc/UTC]","596.68","567.84","596.73","561.24","30.83","---"
"2020-12-06T00:00:00Z[Etc/UTC]","601.68","596.61","606.9","583.67","13.14","---"
"2020-12-07T00:00:00Z[Etc/UTC]","591.09","601.54","603.06","584.53","7.72","---"
"2020-12-08T00:00:00Z[Etc/UTC]","555.05","591.03","594.78","551.08","8.11","---"
"2020-12-09T00:00:00Z[Etc/UTC]","573.21","554.95","577.94","530.88","9.1","---"
"2020-12-10T00:00:00Z[Etc/UTC]","558.13","573.28","575.56","548.99","19.6","---"
"2020-12-11T00:00:00Z[Etc/UTC]","544.17","558.15","560.28","536.43","30.17","---"
"2020-12-12T00:00:00Z[Etc/UTC]","567.78","544.16","573.59","543.9","1.62","---"
"2020-12-13T00:00:00Z[Etc/UTC]","591.09","568.07","594.83","563.37","2.03","---"
"2020-12-14T00:00:00Z[Etc/UTC]","586.19","590.66","591.41","576.01","1.78","---"
"2020-12-15T00:00:00Z[Etc/UTC]","588.91","586.22","596.97","579.95","1.74","---"
"2020-12-16T00:00:00Z[Etc/UTC]","637.38","588.81","638.18","580.9","3.11","---"
"2020-12-17T00:00:00Z[Etc/UTC]","643.17","637.29","675.68","627.36","3.67","---"
"2020-12-18T00:00:00Z[Etc/UTC]","653.85","643.28","664.26","630.44","2.63","---"
"2020-12-19T00:00:00Z[Etc/UTC]","658.17","654.08","669.54","645.91","2.17","---"
"2020-12-20T00:00:00Z[Etc/UTC]","638.26","657.79","661.04","622.39","2.11","---"
"2020-12-21T00:00:00Z[Etc/UTC]","607.85","638.28","647.87","599.97","1.88","---"
"2020-12-22T00:00:00Z[Etc/UTC]","637.47","607.86","637.47","588.24","2.12","---"
"2020-12-23T00:00:00Z[Etc/UTC]","585.69","637.04","638.11","554.09","2.2","---"
"2020-12-24T00:00:00Z[Etc/UTC]","612.34","585.47","614.92","566.15","1.72","---"
"2020-12-25T00:00:00Z[Etc/UTC]","626.93","612.38","633.9","605.01","1.7","---"
"2020-12-26T00:00:00Z[Etc/UTC]","636.58","626.99","652.36","616.04","1.94","---"
"2020-12-27T00:00:00Z[Etc/UTC]","683.71","636.35","715.46","627.12","2.31","---"
"2020-12-28T00:00:00Z[Etc/UTC]","730.05","683.76","747.86","682.47","2.75","---"
"2020-12-29T00:00:00Z[Etc/UTC]","731.76","730.26","739.77","690.24","1.82","---"
"2020-12-30T00:00:00Z[Etc/UTC]","751.8","732.04","757.11","720.21","1.86","---"
"2020-12-31T00:00:00Z[Etc/UTC]","735.94","751.92","755.13","724.67","1.04","---"
"2021-01-01T00:00:00Z[Etc/UTC]","729.12","735.87","748.96","715.74","1.64","---"
"2021-01-02T00:00:00Z[Etc/UTC]","774.5","729.0","787.26","715.15","2.25","---"
"2021-01-03T00:00:00Z[Etc/UTC]","974.97","774.54","1008.49","769.57","4.02","---"
"2021-01-04T00:00:00Z[Etc/UTC]","1042.4","977.76","1158.27","894.24","5.19","---"
"2021-01-05T00:00:00Z[Etc/UTC]","1099.52","1042.48","1131.56","976.91","3.25","---"
"2021-01-06T00:00:00Z[Etc/UTC]","1207.77","1099.77","1210.78","1060.67","3.75","---"
"2021-01-07T00:00:00Z[Etc/UTC]","1224.35","1208.71","1286.81","1153.09","2.71","---"
"2021-01-08T00:00:00Z[Etc/UTC]","1215.73","1224.33","1271.08","1069.25","2.71","---"
"2021-01-09T00:00:00Z[Etc/UTC]","1275.58","1215.92","1301.75","1172.39","1.99","---"
"2021-01-10T00:00:00Z[Etc/UTC]","1256.04","1275.87","1347.98","1180.45","2.65","---"
"2021-01-11T00:00:00Z[Etc/UTC]","1091.47","1255.84","1257.3","917.96","4.19","---"
"2021-01-12T00:00:00Z[Etc/UTC]","1050.19","1086.96","1149.19","1008.28","3.09","---"
"2021-01-13T00:00:00Z[Etc/UTC]","1128.46","1050.2","1134.66","990.96","2.25","---"
"2021-01-14T00:00:00Z[Etc/UTC]","1226.17","1128.8","1246.52","1088.52","1.55","---"
"2021-01-15T00:00:00Z[Etc/UTC]","1171.68","1233.34","1256.13","1079.19","2.85","---"
"2021-01-16T00:00:00Z[Etc/UTC]","1228.27","1172.12","1290.92","1154.04","2.29","---"
"2021-01-17T00:00:00Z[Etc/UTC]","1232.64","1228.33","1269.01","1168.39","2.15","---"
"2021-01-18T00:00:00Z[Etc/UTC]","1258.06","1233.93","1260.3","1184.15","1.73","---"
"2021-01-19T00:00:00Z[Etc/UTC]","1372.0","1258.1","1437.42","1252.36","2.27","---"
"2021-01-20T00:00:00Z[Etc/UTC]","1377.53","1372.0","1406.56","1237.27","3.05","---"
"2021-01-21T00:00:00Z[Etc/UTC]","1117.33","1377.63","1387.39","1095.26","2.76","---"
"2021-01-22T00:00:00Z[Etc/UTC]","1234.58","1118.01","1272.85","1045.02","2.94","---"
"2021-01-23T00:00:00Z[Etc/UTC]","1233.4","1234.34","1271.65","1196.94","1.46","---"
"2021-01-24T00:00:00Z[Etc/UTC]","1390.28","1233.41","1398.0","1222.14","2.3","---"
"2021-01-25T00:00:00Z[Etc/UTC]","1317.9","1390.69","1474.68","1298.13","2.77","---"
"2021-01-26T00:00:00Z[Etc/UTC]","1366.27","1317.67","1377.94","1246.45","2.56","---"
"2021-01-27T00:00:00Z[Etc/UTC]","1247.62","1366.14","1372.31","1210.4","2.9","---"
"2021-01-28T00:00:00Z[Etc/UTC]","1328.47","1247.67","1359.51","1221.15","814.31","---"
"2021-01-29T00:00:00Z[Etc/UTC]","1379.3","1329.16","1436.27","1288.26","3.33","---"
"2021-01-30T00:00:00Z[Etc/UTC]","1376.96","1379.78","1405.78","1327.66","1.59","---"
"2021-01-31T00:00:00Z[Etc/UTC]","1312.73","1377.05","1380.04","1282.41","1.54","---"
"2021-02-01T00:00:00Z[Etc/UTC]","1373.4","1312.69","1376.44","1272.09","1.65","---"
"2021-02-02T00:00:00Z[Etc/UTC]","1511.36","1373.31","1546.88","1361.63","2.73","---"
"2021-02-03T00:00:00Z[Etc/UTC]","1664.34","1511.96","1667.93","1510.27","2.27","---"
"2021-02-04T00:00:00Z[Etc/UTC]","1594.0","1664.19","1693.64","1570.45","2.34","---"
"2021-02-05T00:00:00Z[Etc/UTC]","1719.2","1593.91","1760.09","1589.28","1.8","---"
"2021-02-06T00:00:00Z[Etc/UTC]","1676.63","1719.11","1742.9","1648.03","1.78","---"
"2021-02-07T00:00:00Z[Etc/UTC]","1612.99","1676.62","1692.29","1491.68","1.94","---"
"2021-02-08T00:00:00Z[Etc/UTC]","1750.18","1612.98","1775.12","1566.43","2.17","---"
"2021-02-09T00:00:00Z[Etc/UTC]","1770.63","1750.19","1818.94","1711.4","1.94","---"
"2021-02-10T00:00:00Z[Etc/UTC]","1742.09","1770.81","1835.4","1683.52","2.01","---"
"2021-02-11T00:00:00Z[Etc/UTC]","1786.35","1742.11","1817.68","1704.97","1.56","---"
"2021-02-12T00:00:00Z[Etc/UTC]","1841.02","1786.74","1862.17","1741.04","1.75","---"
"2021-02-13T00:00:00Z[Etc/UTC]","1815.49","1840.9","1871.36","1766.05","1.44","---"
"2021-02-14T00:00:00Z[Etc/UTC]","1801.78","1815.44","1850.0","1787.11","1.43","---"
"2021-02-15T00:00:00Z[Etc/UTC]","1778.82","1800.6","1835.51","1661.09","1.94","---"
"2021-02-16T00:00:00Z[Etc/UTC]","1781.69","1778.63","1827.07","1726.78","1.48","---"
"2021-02-17T00:00:00Z[Etc/UTC]","1847.95","1781.44","1854.03","1734.15","1.69","---"
"2021-02-18T00:00:00Z[Etc/UTC]","1934.16","1849.95","1950.04","1849.05","881.87","---"
"2021-02-19T00:00:00Z[Etc/UTC]","1955.59","1934.17","1968.93","1892.7","1.78","---"
"2021-02-20T00:00:00Z[Etc/UTC]","1913.88","1955.54","2040.79","1800.0","2.29","---"
"2021-02-21T00:00:00Z[Etc/UTC]","1933.45","1912.97","1974.99","1885.7","1.47","---"
"2021-02-22T00:00:00Z[Etc/UTC]","1777.28","1933.52","1935.04","1561.68","2.68","---"
"2021-02-23T00:00:00Z[Etc/UTC]","1578.11","1777.25","1781.44","1370.45","3.6","---"
"2021-02-24T00:00:00Z[Etc/UTC]","1623.71","1578.27","1711.16","1505.79","2.19","---"
"2021-02-25T00:00:00Z[Etc/UTC]","1476.15","1623.76","1669.24","1460.92","1.75","---"
"2021-02-26T00:00:00Z[Etc/UTC]","1445.44","1476.77","1561.66","1403.3","2.13","---"
"2021-02-27T00:00:00Z[Etc/UTC]","1458.93","1445.69","1527.69","1427.15","1.56","---"
"2021-02-28T00:00:00Z[Etc/UTC]","1418.76","1458.84","1467.76","1294.79","2.07","---"
"2021-03-01T00:00:00Z[Etc/UTC]","1570.03","1418.91","1571.15","1411.55","1.92","---"
"2021-03-02T00:00:00Z[Etc/UTC]","1488.62","1570.0","1602.13","1457.22","1.74","---"
"2021-03-03T00:00:00Z[Etc/UTC]","1571.05","1488.8","1653.04","1477.72","1.17","---"
"2021-03-04T00:00:00Z[Etc/UTC]","1538.61","1567.84","1623.73","1506.86","1.7","---"
"2021-03-05T00:00:00Z[Etc/UTC]","1530.29","1539.73","1548.71","1443.32","1.67","---"
"2021-03-06T00:00:00Z[Etc/UTC]","1649.19","1530.24","1670.01","1514.62","2.07","---"
"2021-03-07T00:00:00Z[Etc/UTC]","1728.1","1650.94","1732.84","1634.73","1.69","---"
"2021-03-08T00:00:00Z[Etc/UTC]","1831.49","1727.17","1841.05","1665.54","1.97","---"
"2021-03-09T00:00:00Z[Etc/UTC]","1869.1","1831.57","1869.1","1801.29","1.58","---"
"2021-03-10T00:00:00Z[Etc/UTC]","1794.14","1869.32","1875.98","1759.5","1.66","---"
"2021-03-11T00:00:00Z[Etc/UTC]","1825.79","1794.28","1845.32","1729.05","1.58","---"
"2021-03-12T00:00:00Z[Etc/UTC]","1766.9","1827.44","1841.19","1723.18","1.52","---"
"2021-03-13T00:00:00Z[Etc/UTC]","1921.13","1767.05","1943.36","1730.46","1.79","---"
"2021-03-14T00:00:00Z[Etc/UTC]","1849.06","1921.29","1932.36","1836.78","671.56","---"
"2021-03-15T00:00:00Z[Etc/UTC]","1792.38","1848.18","1890.59","1745.04","1.7","---"
"2021-03-16T00:00:00Z[Etc/UTC]","1804.85","1792.08","1817.35","1715.97","1.81","---"
"2021-03-17T00:00:00Z[Etc/UTC]","1823.35","1804.56","1837.88","1743.62","1.5","---"
"2021-03-18T00:00:00Z[Etc/UTC]","1776.08","1823.72","1849.23","1760.83","1.53","---"
"2021-03-19T00:00:00Z[Etc/UTC]","1809.64","1775.87","1848.88","1735.42","1.2","---"
"2021-03-20T00:00:00Z[Etc/UTC]","1804.6","1809.09","1868.09","1801.6","27.03","---"
"2021-03-21T00:00:00Z[Etc/UTC]","1783.72","1804.6","1815.85","1748.47","1.43","---"
"2021-03-22T00:00:00Z[Etc/UTC]","1682.37","1783.58","1806.62","1659.28","1.58","---"
"2021-03-23T00:00:00Z[Etc/UTC]","1667.9","1681.5","1720.01","1654.14","1.46","---"
"2021-03-24T00:00:00Z[Etc/UTC]","1582.38","1668.42","1739.82","1546.48","1.88","---"
"2021-03-25T00:00:00Z[Etc/UTC]","1586.54","1582.23","1621.32","1550.11","1.54","---"
"2021-03-26T00:00:00Z[Etc/UTC]","1698.6","1586.36","1699.27","1586.28","1.64","---"
"2021-03-27T00:00:00Z[Etc/UTC]","1713.01","1698.68","1731.73","1667.12","1.4","---"
"2021-03-28T00:00:00Z[Etc/UTC]","1686.8","1712.89","1724.74","1661.92","1.31","---"
"2021-03-29T00:00:00Z[Etc/UTC]","1816.69","1686.88","1839.41","1678.38","1.94","---"
"2021-03-30T00:00:00Z[Etc/UTC]","1841.01","1816.92","1857.65","1788.6","3.03","---"
"2021-03-31T00:00:00Z[Etc/UTC]","1917.99","1841.01","1945.4","1774.66","2.59","---"
"2021-04-01T00:00:00Z[Etc/UTC]","1967.96","1918.82","1983.84","1897.38","2.08","---"
"2021-04-02T00:00:00Z[Etc/UTC]","2134.55","1968.12","2144.11","1949.99","2.47","---"
"2021-04-03T00:00:00Z[Etc/UTC]","2008.59","2134.66","2137.68","2004.4","2.01","---"
"2021-04-04T00:00:00Z[Etc/UTC]","2075.94","2007.82","2091.31","1982.0","1.59","---"
"2021-04-05T00:00:00Z[Etc/UTC]","2106.41","2076.14","2127.89","2004.05","2.31","---"
"2021-04-06T00:00:00Z[Etc/UTC]","2111.53","2108.81","2150.78","2047.48","1.93","---"
"2021-04-07T00:00:00Z[Etc/UTC]","1961.46","2112.41","2128.25","1939.64","2.3","---"
"2021-04-08T00:00:00Z[Etc/UTC]","2079.92","1962.44","2084.08","1951.83","1.73","---"
"2021-04-09T00:00:00Z[Etc/UTC]","2066.93","2080.2","2101.07","2050.39","2.47","---"
"2021-04-10T00:00:00Z[Etc/UTC]","2133.79","2067.26","2197.73","2058.23","2.09","---"
"2021-04-11T00:00:00Z[Etc/UTC]","2151.42","2133.89","2164.76","2114.55","1.97","---"
"2021-04-12T00:00:00Z[Etc/UTC]","2137.81","2150.79","2199.52","2103.73","2.16","---"
"2021-04-13T00:00:00Z[Etc/UTC]","2299.93","2137.55","2315.47","2136.49","2.38","---"
"2021-04-14T00:00:00Z[Etc/UTC]","2431.56","2299.25","2445.4","2281.49","2.11","---"
"2021-04-15T00:00:00Z[Etc/UTC]","2514.22","2432.9","2541.9","2402.75","1.91","---"
"2021-04-16T00:00:00Z[Etc/UTC]","2423.18","2514.55","2544.54","2302.3","2.08","---"
"2021-04-17T00:00:00Z[Etc/UTC]","2318.33","2424.12","2493.93","2314.12","1.73","---"
"2021-04-18T00:00:00Z[Etc/UTC]","2237.17","2317.88","2338.53","1948.93","2.76","---"
"2021-04-19T00:00:00Z[Etc/UTC]","2160.63","2236.1","2275.87","2081.3","1.9","---"
"2021-04-20T00:00:00Z[Etc/UTC]","2332.14","2161.06","2345.18","2058.0","1.86","---"
"2021-04-21T00:00:00Z[Etc/UTC]","2360.81","2331.84","2467.51","2238.15","2.1","---"
"2021-04-22T00:00:00Z[Etc/UTC]","2401.1","2360.32","2642.99","2313.46","3.17","---"
"2021-04-23T00:00:00Z[Etc/UTC]","2367.31","2398.95","2440.21","2119.26","3.46","---"
"2021-04-24T00:00:00Z[Etc/UTC]","2215.93","2367.35","2367.46","2159.6","1.61","---"
"2021-04-25T00:00:00Z[Etc/UTC]","2316.48","2217.23","2355.2","2169.91","1.02","---"
"2021-04-26T00:00:00Z[Etc/UTC]","2533.12","2320.63","2539.8","2305.97","1.79","---"
"2021-04-27T00:00:00Z[Etc/UTC]","2665.24","2531.07","2677.95","2484.44","1.45","---"
"2021-04-28T00:00:00Z[Etc/UTC]","2746.54","2665.83","2759.03","2562.74","1.74","---"
"2021-04-29T00:00:00Z[Etc/UTC]","2757.36","2746.51","2797.52","2670.35","1.65","---"
"2021-04-30T00:00:00Z[Etc/UTC]","2772.78","2757.02","2797.61","2726.03","1.52","---"
"2021-05-01T00:00:00Z[Etc/UTC]","2944.66","2772.27","2951.74","2753.6","1.51","---"
"2021-05-02T00:00:00Z[Etc/UTC]","2950.33","2945.04","2984.52","2854.12","1.3","---"
"2021-05-03T00:00:00Z[Etc/UTC]","3429.37","2950.07","3451.44","2950.07","2.32","---"
"2021-05-04T00:00:00Z[Etc/UTC]","3286.71","3429.48","3516.34","3188.9","2.74","---"
"2021-05-05T00:00:00Z[Etc/UTC]","3522.76","3284.31","3540.78","3228.86","1.87","---"
"2021-05-06T00:00:00Z[Etc/UTC]","3489.52","3522.74","3601.59","3380.6","1.51","---"
"2021-05-07T00:00:00Z[Etc/UTC]","3481.22","3490.83","3583.34","3363.56","1.35","---"
"2021-05-08T00:00:00Z[Etc/UTC]","3905.55","3479.81","3952.88","3453.37","1.34","---"
"2021-05-09T00:00:00Z[Etc/UTC]","3922.23","3905.69","3979.77","3734.44","1.94","---"
"2021-05-10T00:00:00Z[Etc/UTC]","3947.9","3923.48","4203.98","3669.84","2.7","---"
"2021-05-11T00:00:00Z[Etc/UTC]","4167.78","3948.66","4177.53","3781.86","1.27","---"
"2021-05-12T00:00:00Z[Etc/UTC]","3811.77","4173.61","4366.1","3794.15","2.78","---"
"2021-05-13T00:00:00Z[Etc/UTC]","3719.62","3807.5","4031.99","3539.96","3.21","---"
"2021-05-14T00:00:00Z[Etc/UTC]","4075.38","3719.46","4171.76","3694.54","2.06","---"
"2021-05-15T00:00:00Z[Etc/UTC]","3641.65","4074.57","4129.99","3639.12","1.94","---"
"2021-05-16T00:00:00Z[Etc/UTC]","3582.12","3643.67","3877.2","3351.92","2.28","---"
"2021-05-17T00:00:00Z[Etc/UTC]","3279.68","3582.19","3582.27","3130.12","2.85","---"
"2021-05-18T00:00:00Z[Etc/UTC]","3377.55","3280.5","3558.57","3244.93","2.3","---"
"2021-05-19T00:00:00Z[Etc/UTC]","2435.69","3376.22","3434.01","1922.25","6.42","---"
"2021-05-20T00:00:00Z[Etc/UTC]","2777.55","2436.59","2988.52","2163.4","4.33","---"
"2021-05-21T00:00:00Z[Etc/UTC]","2433.11","2766.88","2931.66","2111.42","4.23","---"
"2021-05-22T00:00:00Z[Etc/UTC]","2291.6","2433.09","2481.06","2162.84","2.82","---"
"2021-05-23T00:00:00Z[Etc/UTC]","2101.34","2292.68","2379.89","1739.91","3.52","---"
"2021-05-24T00:00:00Z[Etc/UTC]","2646.79","2101.3","2667.2","2080.87","3.24","---"
"2021-05-25T00:00:00Z[Etc/UTC]","2705.09","2647.27","2747.49","2388.81","3.28","---"
"2021-05-26T00:00:00Z[Etc/UTC]","2884.66","2705.69","2908.37","2648.1","2.66","---"
"2021-05-27T00:00:00Z[Etc/UTC]","2735.88","2885.02","2885.87","2638.62","2.39","---"
"2021-05-28T00:00:00Z[Etc/UTC]","2414.29","2742.39","2760.17","2332.43","3.26","---"
"2021-05-29T00:00:00Z[Etc/UTC]","2249.89","2411.68","2567.42","2207.21","2.91","---"
